{
  "MedInc": 0.501452119255485,
  "HouseAge": 0.04800518079986764,
  "AveRooms": 0.008157989756377751,
  "AveBedrms": 0.0075395789031901085,
  "Population": 0.00999780615903293,
  "AveOccup": 0.14789953212411192,
  "Latitude": 0.08560307647469269,
  "Longitude": 0.08756900865337962,
  "RoomsPerHousehold": 0.07534416768474346,
  "BedroomsPerRoom": 0.02200396046951381,
  "PopulationPerHousehold": 0.0053092091119500695,
  "Age_New": 8.982184962884821e-05,
  "Age_Recent": 0.0004825881742055704,
  "Age_Old": 0.00034258331749627556,
  "Age_Very_Old": 0.00020337726632435368
}