{
  "MedInc": 0.46431377426126863,
  "HouseAge": 0.0484864682620106,
  "AveRooms": 0.012624992390447547,
  "AveBedrms": 0.01238962703857591,
  "Population": 0.013739771267685991,
  "AveOccup": 0.14206001704591337,
  "Latitude": 0.09588759439007127,
  "Longitude": 0.09979959445237306,
  "RoomsPerHousehold": 0.0734612496999408,
  "BedroomsPerRoom": 0.025816624979734443,
  "PopulationPerHousehold": 0.009575263763516025,
  "Age_New": 0.00017238556940704953,
  "Age_Recent": 0.000703173987641065,
  "Age_Old": 0.0006278669682282533,
  "Age_Very_Old": 0.000341595923185761
}