{
  "MedInc": 0.44015605822854725,
  "HouseAge": 0.05066325860568551,
  "AveRooms": 0.0157800774721496,
  "AveBedrms": 0.016215985979551987,
  "Population": 0.017262908467313865,
  "AveOccup": 0.1391299111113247,
  "Latitude": 0.1001107710767962,
  "Longitude": 0.10461902429250464,
  "RoomsPerHousehold": 0.0728632443768183,
  "BedroomsPerRoom": 0.027633911091444033,
  "PopulationPerHousehold": 0.013160169129796749,
  "Age_New": 0.0001930231515307804,
  "Age_Recent": 0.0008972946068039091,
  "Age_Old": 0.0008338482198690254,
  "Age_Very_Old": 0.000480514189863445
}