{
  "MedInc": 0.42449239045298565,
  "HouseAge": 0.05160574826710271,
  "AveRooms": 0.018441686678608182,
  "AveBedrms": 0.019290558354496216,
  "Population": 0.019610988880819188,
  "AveOccup": 0.1368817954745035,
  "Latitude": 0.10137246049473561,
  "Longitude": 0.1052460446687333,
  "RoomsPerHousehold": 0.07370748968476987,
  "BedroomsPerRoom": 0.030505461560622858,
  "PopulationPerHousehold": 0.015688340643537385,
  "Age_New": 0.0002120085573993116,
  "Age_Recent": 0.0010606282199334197,
  "Age_Old": 0.0011919596136547904,
  "Age_Very_Old": 0.0006924384480977918
}